Class, Number of uses
org/joda/time/field/SkipDateTimeField, 4
org/joda/time/MonthDay, 16
org/joda/time/chrono/LimitChronology$LimitDurationField, 3
org/joda/time/DateTimeUtils, 15
org/joda/time/UTCDateTimeZone, 1
org/joda/time/tz/ZoneInfoCompiler$RuleSet, 2
org/joda/time/convert/StringConverter, 9
org/joda/time/format/DateTimeFormatterBuilder$UnpaddedNumber, 5
org/joda/time/chrono/BasicGJChronology, 2
org/joda/time/format/DateTimeFormatterBuilder$MatchingParser, 2
org/joda/time/convert/PeriodConverter, 0
org/joda/time/format/DateTimePrinter, 0
org/joda/time/MonthDay$Property, 3
org/joda/time/field/BaseDurationField, 3
org/joda/time/format/ISODateTimeFormat$Constants, 4
org/joda/time/tz/DefaultNameProvider, 1
org/joda/time/convert/ConverterSet, 2
org/joda/time/MutablePeriod, 11
org/joda/time/DateTimeComparator, 4
org/joda/time/DurationField, 0
org/joda/time/Weeks, 18
org/joda/time/ReadableInstant, 0
org/joda/time/chrono/BasicChronology$YearInfo, 0
org/joda/time/Days, 18
org/joda/time/chrono/LimitChronology$LimitException, 3
org/joda/time/format/DateTimePrinterInternalPrinter, 1
org/joda/time/format/PeriodFormatterBuilder$Separator, 2
org/joda/time/tz/CachedDateTimeZone, 2
org/joda/time/LocalTime, 16
org/joda/time/chrono/GJLocaleSymbols, 3
org/joda/time/chrono/LenientChronology, 4
org/joda/time/chrono/BasicChronology$HalfdayField, 4
org/joda/time/base/AbstractDateTime, 7
org/joda/time/format/DateTimeFormatterBuilder$CharacterLiteral, 0
org/joda/time/ReadableInterval, 0
org/joda/time/TimeOfDay, 14
org/joda/time/chrono/BasicYearDateTimeField, 4
org/joda/time/field/DividedDateTimeField, 5
org/joda/time/ReadableDateTime, 0
org/joda/time/Duration, 7
org/joda/time/field/ImpreciseDateTimeField, 4
org/joda/time/format/PeriodFormatter, 4
org/joda/time/field/FieldUtils, 2
org/joda/time/chrono/GJDayOfWeekDateTimeField, 4
org/joda/time/PeriodType, 3
org/joda/time/chrono/CopticChronology, 10
org/joda/time/convert/NullConverter, 4
org/joda/time/field/AbstractPartialFieldProperty, 4
org/joda/time/convert/DurationConverter, 0
org/joda/time/format/PeriodFormat, 3
org/joda/time/tz/DateTimeZoneBuilder$DSTZone, 3
org/joda/time/Instant, 12
org/joda/time/chrono/GJCacheKey, 1
org/joda/time/LocalDate$Property, 4
org/joda/time/DurationFieldType$StandardDurationFieldType, 3
org/joda/time/format/FormatUtils, 0
org/joda/time/chrono/ZonedChronology, 8
org/joda/time/convert/CalendarConverter, 7
org/joda/time/ReadWritableInterval, 0
org/joda/time/chrono/StrictChronology, 4
org/joda/time/field/DelegatedDateTimeField, 2
org/joda/time/ReadablePartial, 0
org/joda/time/tz/DateTimeZoneBuilder$Recurrence, 2
org/joda/time/chrono/GJChronology$LinkedDurationField, 3
org/joda/time/base/AbstractInstant, 12
org/joda/time/chrono/AssembledChronology, 3
org/joda/time/DateTimeUtils$OffsetMillisProvider, 0
org/joda/time/chrono/BasicMonthOfYearDateTimeField, 7
org/joda/time/DateTimeFieldType$StandardDateTimeFieldType, 3
org/joda/time/base/BasePeriod, 15
org/joda/time/base/BaseSingleFieldPeriod, 11
org/joda/time/chrono/IslamicChronology, 10
org/joda/time/format/InternalPrinterDateTimePrinter, 2
org/joda/time/DateTimeUtils$MillisProvider, 0
org/joda/time/YearMonthDay$Property, 3
org/joda/time/format/DateTimeFormatterBuilder$Fraction, 8
org/joda/time/chrono/BaseChronology, 11
org/joda/time/format/PeriodFormatterBuilder$CompositeAffix, 2
org/joda/time/format/PeriodFormatterBuilder$Composite, 2
org/joda/time/format/PeriodFormatterBuilder$RegExAffix, 3
org/joda/time/LocalTime$Property, 5
org/joda/time/format/InternalParserDateTimeParser, 2
org/joda/time/tz/DateTimeZoneBuilder$RuleSet, 8
org/joda/time/LocalDateTime, 19
org/joda/time/Seconds, 18
org/joda/time/field/DecoratedDateTimeField, 2
org/joda/time/tz/DateTimeZoneBuilder$Rule, 4
org/joda/time/DateTime$Property, 7
org/joda/time/base/BaseInterval, 9
org/joda/time/chrono/BasicDayOfYearDateTimeField, 4
org/joda/time/tz/DateTimeZoneBuilder, 9
org/joda/time/DateTime, 19
org/joda/time/ReadableDuration, 0
org/joda/time/Minutes, 18
org/joda/time/chrono/BuddhistChronology, 16
org/joda/time/DateTimeFieldType, 3
org/joda/time/DateTimeUtils$FixedMillisProvider, 0
org/joda/time/base/AbstractDuration, 4
org/joda/time/chrono/BasicWeekOfWeekyearDateTimeField, 4
org/joda/time/Partial, 14
org/joda/time/chrono/BasicDayOfMonthDateTimeField, 4
org/joda/time/convert/IntervalConverter, 0
org/joda/time/format/DateTimeFormatterBuilder$TimeZoneOffset, 3
org/joda/time/DateTimeUtils$SystemMillisProvider, 0
org/joda/time/chrono/GJChronology$ImpreciseCutoverField, 4
org/joda/time/LocalDateTime$Property, 4
org/joda/time/field/PreciseDurationDateTimeField, 3
org/joda/time/DateTimeZone$LazyInit$1, 1
org/joda/time/convert/ReadableInstantConverter, 5
org/joda/time/Partial$Property, 3
org/joda/time/format/DateTimeFormatterBuilder$NumberFormatter, 1
org/joda/time/format/PeriodParser, 0
org/joda/time/base/AbstractInterval, 11
org/joda/time/tz/ZoneInfoCompiler$Rule, 2
org/joda/time/convert/ReadableDurationConverter, 5
org/joda/time/format/PeriodFormat$DynamicWordBased, 4
org/joda/time/format/DateTimeFormat$StyleFormatter, 6
org/joda/time/tz/UTCProvider, 0
org/joda/time/tz/NameProvider, 0
org/joda/time/base/BaseLocal, 1
org/joda/time/base/BaseDuration, 7
org/joda/time/convert/Converter, 0
org/joda/time/convert/PartialConverter, 0
org/joda/time/convert/ConverterSet$Entry, 0
org/joda/time/chrono/BasicChronology, 25
org/joda/time/format/InternalParser, 0
org/joda/time/field/OffsetDateTimeField, 3
org/joda/time/DateTimeField, 0
org/joda/time/YearMonthDay, 15
org/joda/time/field/SkipUndoDateTimeField, 3
org/joda/time/tz/DateTimeZoneBuilder$Transition, 2
org/joda/time/chrono/GJYearOfEraDateTimeField, 5
org/joda/time/convert/AbstractConverter, 4
org/joda/time/DateTimeZone$LazyInit, 3
org/joda/time/field/BaseDateTimeField, 6
org/joda/time/format/PeriodPrinter, 0
org/joda/time/field/ScaledDurationField, 3
org/joda/time/format/DateTimeFormatter, 16
org/joda/time/TimeOfDay$Property, 3
org/joda/time/MutableInterval, 5
org/joda/time/base/AbstractPartial, 8
org/joda/time/Chronology, 0
org/joda/time/JodaTimePermission, 0
org/joda/time/ReadWritableInstant, 0
org/joda/time/chrono/LimitChronology$LimitDateTimeField, 3
org/joda/time/tz/DateTimeZoneBuilder$PrecalculatedZone, 10
org/joda/time/format/ISOPeriodFormat, 1
org/joda/time/format/PeriodFormatterBuilder$Literal, 0
org/joda/time/field/PreciseDurationField, 2
org/joda/time/Months, 13
org/joda/time/chrono/JulianChronology, 7
org/joda/time/Interval, 10
org/joda/time/format/DateTimeFormat, 4
org/joda/time/format/DateTimeParserBucket, 14
org/joda/time/field/ZeroIsMaxDateTimeField, 3
org/joda/time/chrono/LimitChronology, 11
org/joda/time/field/LenientDateTimeField, 6
org/joda/time/convert/DateConverter, 1
org/joda/time/Hours, 18
org/joda/time/convert/InstantConverter, 0
org/joda/time/format/DateTimeFormatterBuilder$PaddedNumber, 6
org/joda/time/DateMidnight, 16
org/joda/time/field/DecoratedDurationField, 2
org/joda/time/chrono/AssembledChronology$Fields, 3
org/joda/time/chrono/ISOYearOfEraDateTimeField, 5
org/joda/time/YearMonth$Property, 3
org/joda/time/IllegalInstantException, 3
org/joda/time/field/AbstractReadableInstantFieldProperty, 6
org/joda/time/chrono/BasicFixedMonthChronology, 1
org/joda/time/DateMidnight$Property, 4
org/joda/time/chrono/BasicSingleEraDateTimeField, 6
org/joda/time/LocalDate, 22
org/joda/time/format/DateTimeFormatterBuilder, 19
org/joda/time/convert/LongConverter, 1
org/joda/time/base/BaseDateTime, 6
org/joda/time/format/PeriodFormatterBuilder$PeriodFieldAffix, 0
org/joda/time/format/PeriodFormatterBuilder$PluralAffix, 1
org/joda/time/IllegalFieldValueException, 2
org/joda/time/chrono/IslamicChronology$LeapYearPatternType, 0
org/joda/time/tz/CachedDateTimeZone$Info, 1
org/joda/time/chrono/ISOChronology, 10
org/joda/time/convert/ReadablePeriodConverter, 3
org/joda/time/field/ImpreciseDateTimeField$LinkedDurationField, 2
org/joda/time/format/DateTimeFormat$StyleFormatterCacheKey, 0
org/joda/time/tz/FixedDateTimeZone, 1
org/joda/time/format/DateTimeParserBucket$SavedState, 1
org/joda/time/format/InternalPrinter, 0
org/joda/time/tz/ZoneInfoLogger$1, 0
org/joda/time/Period, 16
org/joda/time/convert/ReadableIntervalConverter, 6
org/joda/time/chrono/ZonedChronology$ZonedDateTimeField, 6
org/joda/time/chrono/ZonedChronology$ZonedDurationField, 4
org/joda/time/base/AbstractPeriod, 6
org/joda/time/field/UnsupportedDateTimeField, 3
org/joda/time/field/UnsupportedDurationField, 2
org/joda/time/format/DateTimeFormatterBuilder$TimeZoneId, 3
org/joda/time/format/DateTimeParserBucket$SavedField, 2
org/joda/time/DurationFieldType, 2
org/joda/time/tz/ZoneInfoCompiler$DateTimeOfYear, 3
org/joda/time/YearMonth, 16
org/joda/time/format/DateTimeFormatterBuilder$TimeZoneName, 4
org/joda/time/field/RemainderDateTimeField, 5
org/joda/time/MutableDateTime$Property, 4
org/joda/time/tz/Provider, 0
org/joda/time/format/ISODateTimeFormat, 3
org/joda/time/ReadWritablePeriod, 0
org/joda/time/format/PeriodFormatterBuilder, 9
org/joda/time/field/StrictDateTimeField, 3
org/joda/time/DateTimeZone$Stub, 1
org/joda/time/format/DateTimeFormatterBuilder$TextField, 6
org/joda/time/field/DelegatedDurationField, 2
org/joda/time/chrono/ISOChronology$Stub, 1
org/joda/time/format/PeriodFormatterBuilder$FieldFormatter, 7
org/joda/time/tz/ZoneInfoCompiler$Zone, 4
org/joda/time/chrono/BasicWeekyearDateTimeField, 5
org/joda/time/tz/ZoneInfoProvider$1, 1
org/joda/time/format/DateTimeFormatterBuilder$TwoDigitYear, 5
org/joda/time/Years, 13
org/joda/time/chrono/EthiopicChronology, 10
org/joda/time/format/DateTimeFormatterBuilder$Composite, 2
org/joda/time/tz/ZoneInfoLogger, 1
org/joda/time/field/PreciseDateTimeField, 3
org/joda/time/format/PeriodFormatterBuilder$IgnorableAffix, 1
org/joda/time/format/PeriodFormatterBuilder$RegExAffix$1, 0
org/joda/time/format/DateTimeParserInternalParser, 1
org/joda/time/field/MillisDurationField, 3
org/joda/time/format/DateTimeFormatterBuilder$StringLiteral, 1
org/joda/time/chrono/GJChronology, 17
org/joda/time/chrono/GJChronology$CutoverField, 7
org/joda/time/base/BasePeriod$1, 2
org/joda/time/tz/ZoneInfoCompiler, 14
org/joda/time/base/BasePartial, 8
org/joda/time/chrono/GregorianChronology, 4
org/joda/time/tz/ZoneInfoProvider, 2
org/joda/time/ReadablePeriod, 0
org/joda/time/format/DateTimeFormatterBuilder$FixedNumber, 1
org/joda/time/format/DateTimeParser, 0
org/joda/time/DateTimeZone, 15
org/joda/time/tz/DateTimeZoneBuilder$OfYear, 4
org/joda/time/MutableDateTime, 14
org/joda/time/chrono/GJMonthOfYearDateTimeField, 2
org/joda/time/convert/ReadablePartialConverter, 4
org/joda/time/convert/ConverterManager, 2
org/joda/time/chrono/GJEraDateTimeField, 7
org/joda/time/format/PeriodFormatterBuilder$SimpleAffix, 1
